id,uatu:date,smartbi:customer,smartbi:product_code,smartbi:product_name,smartbi:product_family,smartbi:sold_quant,smartbi:sold_price,smartbi:unit_cost,smartbi:product_category,smartbi:provider,smartbi:delivery_country,smartbi:delivery_address,smartbi:delivery_street,smartbi:delivery_city,smartbi:delivery_pc,smartbi:delivery_region
1,01/01/2020,Cliente Y,A101,Prodotto 1,Famiglia A1,25,100.0,80.0,Categoria 1,Fornitore 1,Italia,Via Roma 1,99999,Trento,Trento,Trentino-Alto Adige
2,02/01/2020,Cliente X,A101,Prodotto 1,Famiglia A1,27,99.5,79.5,Categoria 1,Fornitore 1,Italia,Via Roma 1,99999,Aosta,Aosta,Valle d'Aosta
3,02/01/2020,Cliente X,A101,Prodotto 1,Famiglia A1,29,99.0,79.0,Categoria 1,Fornitore 1,Italia,Via Roma 1,99999,Varese,Varese,Lombardia
4,02/01/2020,Cliente Y,A101,Prodotto 1,Famiglia A1,31,98.5,78.5,Categoria 1,Fornitore 1,Italia,Via Roma 1,99999,Vibo Valentia,Vibo Valentia,Calabria
5,07/01/2020,Cliente Y,A101,Prodotto 1,Famiglia A1,33,98.0,78.0,Categoria 1,Fornitore 1,Italia,Via Roma 1,99999,Terni,Terni,Umbria
6,07/01/2020,Cliente Y,A101,Prodotto 1,Famiglia A1,35,97.5,77.5,Categoria 1,Fornitore 1,Italia,Via Roma 1,99999,Terni,Terni,Umbria
7,09/01/2020,Cliente X,A101,Prodotto 1,Famiglia A1,37,97.0,77.0,Categoria 1,Fornitore 1,Italia,Via Roma 1,99999,Viterbo,Viterbo,Lazio
8,09/01/2020,Cliente W,A101,Prodotto 1,Famiglia A1,39,96.5,76.5,Categoria 1,Fornitore 1,Italia,Via Roma 1,99999,Vicenza,Vicenza,Veneto
9,10/01/2020,Cliente W,A101,Prodotto 1,Famiglia A1,41,97.0,76.0,Categoria 1,Fornitore 1,Italia,Via Roma 1,99999,Viterbo,Viterbo,Lazio
10,13/01/2020,Cliente Z,A101,Prodotto 1,Famiglia A1,43,97.5,75.5,Categoria 1,Fornitore 1,Italia,Via Roma 1,99999,Terni,Terni,Umbria
11,15/01/2020,Cliente W,A101,Prodotto 1,Famiglia A1,45,98.0,75.0,Categoria 1,Fornitore 1,Italia,Via Roma 1,99999,Udine,Udine,Friuli Venezia Giulia
12,15/01/2020,Cliente W,A101,Prodotto 1,Famiglia A1,47,98.5,74.5,Categoria 1,Fornitore 1,Italia,Via Roma 1,99999,Varese,Varese,Lombardia
13,16/01/2020,Cliente X,A101,Prodotto 1,Famiglia A1,49,99.0,74.0,Categoria 1,Fornitore 1,Italia,Via Roma 1,99999,Vicenza,Vicenza,Veneto
14,16/01/2020,Cliente Z,A101,Prodotto 1,Famiglia A1,51,99.5,73.5,Categoria 1,Fornitore 1,Italia,Via Roma 1,99999,Pesaro e Urbino,Pesaro e Urbino,Marche
15,16/01/2020,Cliente Z,A101,Prodotto 1,Famiglia A1,53,100.0,73.0,Categoria 1,Fornitore 1,Italia,Via Roma 1,99999,Isernia,Isernia,Molise
16,17/01/2020,Cliente Y,A101,Prodotto 1,Famiglia A1,55,100.5,72.5,Categoria 1,Fornitore 1,Italia,Via Roma 1,99999,Pesaro e Urbino,Pesaro e Urbino,Marche
17,20/01/2020,Cliente Y,A101,Prodotto 1,Famiglia A1,57,101.0,72.0,Categoria 1,Fornitore 1,Italia,Via Roma 1,99999,Terni,Terni,Umbria
18,20/01/2020,Cliente Y,A101,Prodotto 1,Famiglia A1,59,101.5,71.5,Categoria 1,Fornitore 1,Italia,Via Roma 1,99999,Taranto,Taranto,Puglia
19,21/01/2020,Cliente Z,A101,Prodotto 1,Famiglia A1,61,102.0,71.0,Categoria 1,Fornitore 1,Italia,Via Roma 1,99999,Savona,Savona,Liguria
20,21/01/2020,Cliente Z,A101,Prodotto 1,Famiglia A1,63,102.5,71.5,Categoria 1,Fornitore 1,Italia,Via Roma 1,99999,Taranto,Taranto,Puglia
21,22/01/2020,Cliente Y,A101,Prodotto 1,Famiglia A1,65,90.0,72.0,Categoria 1,Fornitore 1,Italia,Via Roma 1,99999,Taranto,Taranto,Puglia
22,22/01/2020,Cliente Y,A101,Prodotto 1,Famiglia A1,67,89.5,72.5,Categoria 1,Fornitore 1,Italia,Via Roma 1,99999,Aosta,Aosta,Valle d'Aosta
23,22/01/2020,Cliente Y,A101,Prodotto 1,Famiglia A1,69,89.0,73.0,Categoria 1,Fornitore 1,Italia,Via Roma 1,99999,Isernia,Isernia,Molise
24,24/01/2020,Cliente Y,A101,Prodotto 1,Famiglia A1,71,88.5,73.5,Categoria 1,Fornitore 1,Italia,Via Roma 1,99999,Sud Sardegna,Sud Sardegna,Sardegna
25,29/01/2020,Cliente X,A101,Prodotto 1,Famiglia A1,73,88.0,74.0,Categoria 1,Fornitore 1,Italia,Via Roma 1,99999,Savona,Savona,Liguria
26,29/01/2020,Cliente Y,A101,Prodotto 1,Famiglia A1,75,87.5,74.5,Categoria 1,Fornitore 1,Italia,Via Roma 1,99999,Rimini,Rimini,Emilia-Romagna
27,31/01/2020,Cliente W,A101,Prodotto 1,Famiglia A1,77,87.0,75.0,Categoria 1,Fornitore 1,Italia,Via Roma 1,99999,Udine,Udine,Friuli Venezia Giulia
28,04/02/2020,Cliente W,A101,Prodotto 1,Famiglia A1,79,86.5,75.5,Categoria 1,Fornitore 1,Italia,Via Roma 1,99999,Siena,Siena,Toscana
29,05/02/2020,Cliente Y,A101,Prodotto 1,Famiglia A1,81,86.0,76.0,Categoria 1,Fornitore 1,Italia,Via Roma 1,99999,Potenza,Potenza,Basilicata
30,17/02/2020,Cliente Z,A101,Prodotto 1,Famiglia A1,83,85.5,76.5,Categoria 1,Fornitore 1,Italia,Via Roma 1,99999,Udine,Udine,Friuli Venezia Giulia
31,17/02/2020,Cliente W,A101,Prodotto 1,Famiglia A1,85,85.0,77.0,Categoria 1,Fornitore 1,Italia,Via Roma 1,99999,Sud Sardegna,Sud Sardegna,Sardegna
32,21/02/2020,Cliente X,A101,Prodotto 1,Famiglia A1,87,84.5,77.5,Categoria 1,Fornitore 1,Italia,Via Roma 1,99999,Isernia,Isernia,Molise
33,25/02/2020,Cliente Z,A101,Prodotto 1,Famiglia A1,89,84.0,78.0,Categoria 1,Fornitore 1,Italia,Via Roma 1,99999,Sud Sardegna,Sud Sardegna,Sardegna
34,25/02/2020,Cliente W,A101,Prodotto 1,Famiglia A1,80,84.5,78.5,Categoria 1,Fornitore 1,Italia,Via Roma 1,99999,Viterbo,Viterbo,Lazio
35,26/02/2020,Cliente Z,A101,Prodotto 1,Famiglia A1,80,85.0,79.0,Categoria 1,Fornitore 1,Italia,Via Roma 1,99999,Taranto,Taranto,Puglia
36,28/02/2020,Cliente W,A101,Prodotto 1,Famiglia A1,80,85.5,79.5,Categoria 1,Fornitore 1,Italia,Via Roma 1,99999,Siena,Siena,Toscana
37,02/03/2020,Cliente W,A101,Prodotto 1,Famiglia A1,80,86.0,80.0,Categoria 1,Fornitore 1,Italia,Via Roma 1,99999,Isernia,Isernia,Molise
38,03/03/2020,Cliente Z,A101,Prodotto 1,Famiglia A1,80,86.5,80.5,Categoria 1,Fornitore 1,Italia,Via Roma 1,99999,Sud Sardegna,Sud Sardegna,Sardegna
39,03/03/2020,Cliente X,A101,Prodotto 1,Famiglia A1,80,87.0,81.0,Categoria 1,Fornitore 1,Italia,Via Roma 1,99999,Salerno,Salerno,Campania
40,04/03/2020,Cliente Y,A101,Prodotto 1,Famiglia A1,80,87.5,80.0,Categoria 1,Fornitore 1,Italia,Via Roma 1,99999,Viterbo,Viterbo,Lazio
41,09/03/2020,Cliente W,A101,Prodotto 1,Famiglia A1,80,88.0,79.0,Categoria 1,Fornitore 1,Italia,Via Roma 1,99999,Potenza,Potenza,Basilicata
42,12/03/2020,Cliente X,A101,Prodotto 1,Famiglia A1,78,88.5,78.0,Categoria 1,Fornitore 1,Italia,Via Roma 1,99999,Isernia,Isernia,Molise
43,13/03/2020,Cliente Y,A101,Prodotto 1,Famiglia A1,76,89.0,77.0,Categoria 1,Fornitore 1,Italia,Via Roma 1,99999,Varese,Varese,Lombardia
44,16/03/2020,Cliente W,A101,Prodotto 1,Famiglia A1,74,89.5,76.0,Categoria 1,Fornitore 1,Italia,Via Roma 1,99999,Varese,Varese,Lombardia
45,16/03/2020,Cliente Y,A101,Prodotto 1,Famiglia A1,72,90.0,75.0,Categoria 1,Fornitore 1,Italia,Via Roma 1,99999,Isernia,Isernia,Molise
46,18/03/2020,Cliente Y,A101,Prodotto 1,Famiglia A1,70,90.5,74.0,Categoria 1,Fornitore 1,Italia,Via Roma 1,99999,Aosta,Aosta,Valle d'Aosta
47,27/03/2020,Cliente X,A101,Prodotto 1,Famiglia A1,68,91.0,73.0,Categoria 1,Fornitore 1,Italia,Via Roma 1,99999,Potenza,Potenza,Basilicata
48,30/03/2020,Cliente W,A101,Prodotto 1,Famiglia A1,66,91.5,72.0,Categoria 1,Fornitore 1,Italia,Via Roma 1,99999,Udine,Udine,Friuli Venezia Giulia
49,31/03/2020,Cliente X,A101,Prodotto 1,Famiglia A1,65,92.0,71.0,Categoria 1,Fornitore 1,Italia,Via Roma 1,99999,Udine,Udine,Friuli Venezia Giulia
50,01/04/2020,Cliente Z,A101,Prodotto 1,Famiglia A1,63,92.5,70.0,Categoria 1,Fornitore 1,Italia,Via Roma 1,99999,Vibo Valentia,Vibo Valentia,Calabria
51,01/04/2020,Cliente X,A101,Prodotto 1,Famiglia A1,61,93.0,69.0,Categoria 1,Fornitore 1,Italia,Via Roma 1,99999,Vercelli,Vercelli,Piemonte
52,06/04/2020,Cliente Z,A101,Prodotto 1,Famiglia A1,50,93.5,68.0,Categoria 1,Fornitore 1,Italia,Via Roma 1,99999,Rimini,Rimini,Emilia-Romagna
53,08/04/2020,Cliente W,A101,Prodotto 1,Famiglia A1,50,94.0,67.0,Categoria 1,Fornitore 1,Italia,Via Roma 1,99999,Salerno,Salerno,Campania
54,09/04/2020,Cliente Z,A101,Prodotto 1,Famiglia A1,50,94.5,66.0,Categoria 1,Fornitore 1,Italia,Via Roma 1,99999,Viterbo,Viterbo,Lazio
55,09/04/2020,Cliente Z,A101,Prodotto 1,Famiglia A1,50,95.0,65.0,Categoria 1,Fornitore 1,Italia,Via Roma 1,99999,Siena,Siena,Toscana
56,20/04/2020,Cliente Z,A101,Prodotto 1,Famiglia A1,50,95.5,64.0,Categoria 1,Fornitore 1,Italia,Via Roma 1,99999,Aosta,Aosta,Valle d'Aosta
57,20/04/2020,Cliente X,A101,Prodotto 1,Famiglia A1,50,96.0,63.0,Categoria 1,Fornitore 1,Italia,Via Roma 1,99999,Isernia,Isernia,Molise
58,20/04/2020,Cliente W,A101,Prodotto 1,Famiglia A1,45,96.5,62.0,Categoria 1,Fornitore 1,Italia,Via Roma 1,99999,Trapani,Trapani,Sicilia
59,21/04/2020,Cliente Z,A101,Prodotto 1,Famiglia A1,43,97.0,61.0,Categoria 1,Fornitore 1,Italia,Via Roma 1,99999,Rimini,Rimini,Emilia-Romagna
60,23/04/2020,Cliente Z,A101,Prodotto 1,Famiglia A1,35,97.5,60.0,Categoria 1,Fornitore 1,Italia,Via Roma 1,99999,Vibo Valentia,Vibo Valentia,Calabria
61,27/04/2020,Cliente W,A101,Prodotto 1,Famiglia A1,33,98.0,59.0,Categoria 1,Fornitore 1,Italia,Via Roma 1,99999,Salerno,Salerno,Campania
62,29/04/2020,Cliente X,A101,Prodotto 1,Famiglia A1,31,99.0,58.0,Categoria 1,Fornitore 1,Italia,Via Roma 1,99999,Terni,Terni,Umbria
63,29/04/2020,Cliente Z,A101,Prodotto 1,Famiglia A1,29,100.0,57.0,Categoria 1,Fornitore 1,Italia,Via Roma 1,99999,Teramo,Teramo,Abruzzo
64,01/05/2020,Cliente X,A101,Prodotto 1,Famiglia A1,27,101.0,56.0,Categoria 1,Fornitore 1,Italia,Via Roma 1,99999,Varese,Varese,Lombardia
65,01/05/2020,Cliente W,A101,Prodotto 1,Famiglia A1,25,102.0,55.0,Categoria 1,Fornitore 1,Italia,Via Roma 1,99999,Rimini,Rimini,Emilia-Romagna
66,04/05/2020,Cliente W,A101,Prodotto 1,Famiglia A1,23,103.0,54.0,Categoria 1,Fornitore 1,Italia,Via Roma 1,99999,Potenza,Potenza,Basilicata
67,06/05/2020,Cliente Y,A101,Prodotto 1,Famiglia A1,22,104.0,53.0,Categoria 1,Fornitore 1,Italia,Via Roma 1,99999,Aosta,Aosta,Valle d'Aosta
68,11/05/2020,Cliente Y,A101,Prodotto 1,Famiglia A1,21,105.0,52.0,Categoria 1,Fornitore 1,Italia,Via Roma 1,99999,Vibo Valentia,Vibo Valentia,Calabria
69,12/05/2020,Cliente W,A101,Prodotto 1,Famiglia A1,20,106.0,80.0,Categoria 1,Fornitore 1,Italia,Via Roma 1,99999,Sud Sardegna,Sud Sardegna,Sardegna
70,13/05/2020,Cliente X,A101,Prodotto 1,Famiglia A1,19,107.0,80.5,Categoria 1,Fornitore 1,Italia,Via Roma 1,99999,Pesaro e Urbino,Pesaro e Urbino,Marche
71,15/05/2020,Cliente W,A101,Prodotto 1,Famiglia A1,18,108.0,81.0,Categoria 1,Fornitore 1,Italia,Via Roma 1,99999,Savona,Savona,Liguria
72,18/05/2020,Cliente X,A101,Prodotto 1,Famiglia A1,17,109.0,81.5,Categoria 1,Fornitore 1,Italia,Via Roma 1,99999,Vicenza,Vicenza,Veneto
73,18/05/2020,Cliente W,A101,Prodotto 1,Famiglia A1,16,110.0,82.0,Categoria 1,Fornitore 1,Italia,Via Roma 1,99999,Isernia,Isernia,Molise
74,19/05/2020,Cliente Z,A101,Prodotto 1,Famiglia A1,15,111.0,82.5,Categoria 1,Fornitore 1,Italia,Via Roma 1,99999,Vibo Valentia,Vibo Valentia,Calabria
75,19/05/2020,Cliente Z,A101,Prodotto 1,Famiglia A1,14,112.0,83.0,Categoria 1,Fornitore 1,Italia,Via Roma 1,99999,Aosta,Aosta,Valle d'Aosta
76,20/05/2020,Cliente Y,A101,Prodotto 1,Famiglia A1,13,113.0,83.5,Categoria 1,Fornitore 1,Italia,Via Roma 1,99999,Terni,Terni,Umbria
77,20/05/2020,Cliente Y,A101,Prodotto 1,Famiglia A1,12,114.0,84.0,Categoria 1,Fornitore 1,Italia,Via Roma 1,99999,Pesaro e Urbino,Pesaro e Urbino,Marche
78,27/05/2020,Cliente Z,A101,Prodotto 1,Famiglia A1,11,115.0,84.5,Categoria 1,Fornitore 1,Italia,Via Roma 1,99999,Teramo,Teramo,Abruzzo
79,28/05/2020,Cliente Y,A101,Prodotto 1,Famiglia A1,10,116.0,85.0,Categoria 1,Fornitore 1,Italia,Via Roma 1,99999,Potenza,Potenza,Basilicata
80,01/06/2020,Cliente X,A101,Prodotto 1,Famiglia A1,9,117.0,85.5,Categoria 1,Fornitore 1,Italia,Via Roma 1,99999,Rimini,Rimini,Emilia-Romagna
81,03/06/2020,Cliente X,A101,Prodotto 1,Famiglia A1,8,118.0,86.0,Categoria 1,Fornitore 1,Italia,Via Roma 1,99999,Potenza,Potenza,Basilicata
82,08/06/2020,Cliente Y,A101,Prodotto 1,Famiglia A1,7,116.0,86.5,Categoria 1,Fornitore 1,Italia,Via Roma 1,99999,Salerno,Salerno,Campania
83,09/06/2020,Cliente X,A101,Prodotto 1,Famiglia A1,6,114.0,87.0,Categoria 1,Fornitore 1,Italia,Via Roma 1,99999,Aosta,Aosta,Valle d'Aosta
84,09/06/2020,Cliente Y,A101,Prodotto 1,Famiglia A1,59,112.0,87.5,Categoria 1,Fornitore 1,Italia,Via Roma 1,99999,Potenza,Potenza,Basilicata
85,09/06/2020,Cliente X,A101,Prodotto 1,Famiglia A1,61,110.0,88.0,Categoria 1,Fornitore 1,Italia,Via Roma 1,99999,Varese,Varese,Lombardia
86,10/06/2020,Cliente Z,A101,Prodotto 1,Famiglia A1,63,108.0,88.5,Categoria 1,Fornitore 1,Italia,Via Roma 1,99999,Varese,Varese,Lombardia
87,11/06/2020,Cliente Y,A101,Prodotto 1,Famiglia A1,65,106.0,89.0,Categoria 1,Fornitore 1,Italia,Via Roma 1,99999,Rimini,Rimini,Emilia-Romagna
88,11/06/2020,Cliente X,A101,Prodotto 1,Famiglia A1,67,104.0,89.5,Categoria 1,Fornitore 1,Italia,Via Roma 1,99999,Trento,Trento,Trentino-Alto Adige
89,11/06/2020,Cliente Y,A101,Prodotto 1,Famiglia A1,69,102.0,90.0,Categoria 1,Fornitore 1,Italia,Via Roma 1,99999,Vercelli,Vercelli,Piemonte
90,17/06/2020,Cliente X,A101,Prodotto 1,Famiglia A1,71,100.0,90.5,Categoria 1,Fornitore 1,Italia,Via Roma 1,99999,Terni,Terni,Umbria
91,17/06/2020,Cliente W,A101,Prodotto 1,Famiglia A1,73,98.0,91.0,Categoria 1,Fornitore 1,Italia,Via Roma 1,99999,Pesaro e Urbino,Pesaro e Urbino,Marche
92,24/06/2020,Cliente Z,A101,Prodotto 1,Famiglia A1,75,96.0,91.5,Categoria 1,Fornitore 1,Italia,Via Roma 1,99999,Aosta,Aosta,Valle d'Aosta
93,25/06/2020,Cliente W,A101,Prodotto 1,Famiglia A1,77,94.0,92.0,Categoria 1,Fornitore 1,Italia,Via Roma 1,99999,Vicenza,Vicenza,Veneto
94,30/06/2020,Cliente W,A101,Prodotto 1,Famiglia A1,79,92.0,92.5,Categoria 1,Fornitore 1,Italia,Via Roma 1,99999,Trento,Trento,Trentino-Alto Adige
95,01/07/2020,Cliente W,A101,Prodotto 1,Famiglia A1,81,90.0,93.0,Categoria 1,Fornitore 1,Italia,Via Roma 1,99999,Pesaro e Urbino,Pesaro e Urbino,Marche
96,06/07/2020,Cliente Y,A101,Prodotto 1,Famiglia A1,83,88.0,93.5,Categoria 1,Fornitore 1,Italia,Via Roma 1,99999,Varese,Varese,Lombardia
97,07/07/2020,Cliente Z,A101,Prodotto 1,Famiglia A1,85,86.0,94.0,Categoria 1,Fornitore 1,Italia,Via Roma 1,99999,Potenza,Potenza,Basilicata
98,08/07/2020,Cliente W,A101,Prodotto 1,Famiglia A1,87,84.0,94.5,Categoria 1,Fornitore 1,Italia,Via Roma 1,99999,Viterbo,Viterbo,Lazio
99,15/07/2020,Cliente W,A101,Prodotto 1,Famiglia A1,89,82.0,95.0,Categoria 1,Fornitore 1,Italia,Via Roma 1,99999,Taranto,Taranto,Puglia
100,16/07/2020,Cliente W,A101,Prodotto 1,Famiglia A1,95,80.0,95.5,Categoria 1,Fornitore 1,Italia,Via Roma 1,99999,Vercelli,Vercelli,Piemonte
101,16/07/2020,Cliente Z,A101,Prodotto 1,Famiglia A1,96,79.2,67.0,Categoria 1,Fornitore 1,Italia,Via Roma 1,99999,Varese,Varese,Lombardia
102,20/07/2020,Cliente X,A101,Prodotto 1,Famiglia A1,97,79.0,67.2,Categoria 1,Fornitore 1,Italia,Via Roma 1,99999,Siena,Siena,Toscana
103,20/07/2020,Cliente Y,A101,Prodotto 1,Famiglia A1,98,78.4,67.0,Categoria 1,Fornitore 1,Italia,Via Roma 1,99999,Viterbo,Viterbo,Lazio
104,20/07/2020,Cliente Z,A101,Prodotto 1,Famiglia A1,99,78.2,66.5,Categoria 1,Fornitore 1,Italia,Via Roma 1,99999,Teramo,Teramo,Abruzzo
105,21/07/2020,Cliente Z,A101,Prodotto 1,Famiglia A1,100,78.0,66.3,Categoria 1,Fornitore 1,Italia,Via Roma 1,99999,Vercelli,Vercelli,Piemonte
106,23/07/2020,Cliente X,A101,Prodotto 1,Famiglia A1,101,78.2,66.1,Categoria 1,Fornitore 1,Italia,Via Roma 1,99999,Pesaro e Urbino,Pesaro e Urbino,Marche
107,24/07/2020,Cliente Z,A101,Prodotto 1,Famiglia A1,102,78.0,66.0,Categoria 1,Fornitore 1,Italia,Via Roma 1,99999,Viterbo,Viterbo,Lazio
108,24/07/2020,Cliente X,A101,Prodotto 1,Famiglia A1,103,77.4,66.2,Categoria 1,Fornitore 1,Italia,Via Roma 1,99999,Terni,Terni,Umbria
109,27/07/2020,Cliente Z,A101,Prodotto 1,Famiglia A1,104,77.2,66.0,Categoria 1,Fornitore 1,Italia,Via Roma 1,99999,Vercelli,Vercelli,Piemonte
110,29/07/2020,Cliente Z,A101,Prodotto 1,Famiglia A1,105,77.0,65.5,Categoria 1,Fornitore 1,Italia,Via Roma 1,99999,Aosta,Aosta,Valle d'Aosta
111,31/07/2020,Cliente X,A101,Prodotto 1,Famiglia A1,106,77.2,65.3,Categoria 1,Fornitore 1,Italia,Via Roma 1,99999,Taranto,Taranto,Puglia
112,31/07/2020,Cliente X,A101,Prodotto 1,Famiglia A1,107,77.0,65.1,Categoria 1,Fornitore 1,Italia,Via Roma 1,99999,Terni,Terni,Umbria
113,07/08/2020,Cliente Y,A101,Prodotto 1,Famiglia A1,108,76.4,65.3,Categoria 1,Fornitore 1,Italia,Via Roma 1,99999,Sud Sardegna,Sud Sardegna,Sardegna
114,10/08/2020,Cliente W,A101,Prodotto 1,Famiglia A1,109,76.2,65.2,Categoria 1,Fornitore 1,Italia,Via Roma 1,99999,Salerno,Salerno,Campania
115,14/08/2020,Cliente X,A101,Prodotto 1,Famiglia A1,110,76.0,65.0,Categoria 1,Fornitore 1,Italia,Via Roma 1,99999,Trento,Trento,Trentino-Alto Adige
116,17/08/2020,Cliente X,A101,Prodotto 1,Famiglia A1,111,76.2,64.4,Categoria 1,Fornitore 1,Italia,Via Roma 1,99999,Isernia,Isernia,Molise
117,20/08/2020,Cliente Y,A101,Prodotto 1,Famiglia A1,112,76.0,64.3,Categoria 1,Fornitore 1,Italia,Via Roma 1,99999,Siena,Siena,Toscana
118,24/08/2020,Cliente X,A101,Prodotto 1,Famiglia A1,113,75.4,64.1,Categoria 1,Fornitore 1,Italia,Via Roma 1,99999,Teramo,Teramo,Abruzzo
119,24/08/2020,Cliente W,A101,Prodotto 1,Famiglia A1,114,75.2,64.3,Categoria 1,Fornitore 1,Italia,Via Roma 1,99999,Taranto,Taranto,Puglia
120,24/08/2020,Cliente Z,A101,Prodotto 1,Famiglia A1,115,75.0,64.2,Categoria 1,Fornitore 1,Italia,Via Roma 1,99999,Teramo,Teramo,Abruzzo
121,25/08/2020,Cliente Y,A101,Prodotto 1,Famiglia A1,116,75.2,64.0,Categoria 1,Fornitore 1,Italia,Via Roma 1,99999,Trapani,Trapani,Sicilia
122,27/08/2020,Cliente Y,A101,Prodotto 1,Famiglia A1,117,75.0,63.4,Categoria 1,Fornitore 1,Italia,Via Roma 1,99999,Savona,Savona,Liguria
123,27/08/2020,Cliente X,A101,Prodotto 1,Famiglia A1,118,74.4,63.2,Categoria 1,Fornitore 1,Italia,Via Roma 1,99999,Trapani,Trapani,Sicilia
124,02/09/2020,Cliente Y,A101,Prodotto 1,Famiglia A1,119,74.2,63.1,Categoria 1,Fornitore 1,Italia,Via Roma 1,99999,Salerno,Salerno,Campania
125,04/09/2020,Cliente Y,A101,Prodotto 1,Famiglia A1,120,74.0,63.3,Categoria 1,Fornitore 1,Italia,Via Roma 1,99999,Potenza,Potenza,Basilicata
126,04/09/2020,Cliente Z,A101,Prodotto 1,Famiglia A1,105,74.0,63.3,Categoria 1,Fornitore 1,Italia,Via Roma 1,99999,Pesaro e Urbino,Pesaro e Urbino,Marche
127,07/09/2020,Cliente Z,A101,Prodotto 1,Famiglia A1,105,74.0,63.3,Categoria 1,Fornitore 1,Italia,Via Roma 1,99999,Teramo,Teramo,Abruzzo
128,07/09/2020,Cliente X,A101,Prodotto 1,Famiglia A1,105,74.0,63.3,Categoria 1,Fornitore 1,Italia,Via Roma 1,99999,Trapani,Trapani,Sicilia
129,08/09/2020,Cliente Y,A101,Prodotto 1,Famiglia A1,105,74.0,59.2,Categoria 1,Fornitore 1,Italia,Via Roma 1,99999,Vercelli,Vercelli,Piemonte
130,09/09/2020,Cliente Y,A101,Prodotto 1,Famiglia A1,105,74.0,59.2,Categoria 1,Fornitore 1,Italia,Via Roma 1,99999,Aosta,Aosta,Valle d'Aosta
131,11/09/2020,Cliente Y,A101,Prodotto 1,Famiglia A1,105,74.0,59.2,Categoria 1,Fornitore 1,Italia,Via Roma 1,99999,Vercelli,Vercelli,Piemonte
132,11/09/2020,Cliente Z,A101,Prodotto 1,Famiglia A1,105,74.0,59.2,Categoria 1,Fornitore 1,Italia,Via Roma 1,99999,Teramo,Teramo,Abruzzo
133,15/09/2020,Cliente W,A101,Prodotto 1,Famiglia A1,105,74.0,59.2,Categoria 1,Fornitore 1,Italia,Via Roma 1,99999,Taranto,Taranto,Puglia
134,15/09/2020,Cliente Z,A101,Prodotto 1,Famiglia A1,105,74.0,59.2,Categoria 1,Fornitore 1,Italia,Via Roma 1,99999,Aosta,Aosta,Valle d'Aosta
135,16/09/2020,Cliente W,A101,Prodotto 1,Famiglia A1,105,74.0,59.2,Categoria 1,Fornitore 1,Italia,Via Roma 1,99999,Isernia,Isernia,Molise
136,22/09/2020,Cliente X,A101,Prodotto 1,Famiglia A1,105,74.0,59.2,Categoria 1,Fornitore 1,Italia,Via Roma 1,99999,Udine,Udine,Friuli Venezia Giulia
137,23/09/2020,Cliente X,A101,Prodotto 1,Famiglia A1,107,74.2,59.4,Categoria 1,Fornitore 1,Italia,Via Roma 1,99999,Trento,Trento,Trentino-Alto Adige
138,24/09/2020,Cliente X,A101,Prodotto 1,Famiglia A1,109,74.4,59.5,Categoria 1,Fornitore 1,Italia,Via Roma 1,99999,Pesaro e Urbino,Pesaro e Urbino,Marche
139,02/10/2020,Cliente X,A101,Prodotto 1,Famiglia A1,111,75.0,60.1,Categoria 1,Fornitore 1,Italia,Via Roma 1,99999,Aosta,Aosta,Valle d'Aosta
140,06/10/2020,Cliente W,A101,Prodotto 1,Famiglia A1,113,75.2,60.2,Categoria 1,Fornitore 1,Italia,Via Roma 1,99999,Viterbo,Viterbo,Lazio
141,07/10/2020,Cliente Z,A101,Prodotto 1,Famiglia A1,115,75.0,60.0,Categoria 1,Fornitore 1,Italia,Via Roma 1,99999,Trapani,Trapani,Sicilia
142,07/10/2020,Cliente Y,A101,Prodotto 1,Famiglia A1,117,75.2,60.2,Categoria 1,Fornitore 1,Italia,Via Roma 1,99999,Vicenza,Vicenza,Veneto
143,08/10/2020,Cliente X,A101,Prodotto 1,Famiglia A1,116,75.4,60.3,Categoria 1,Fornitore 1,Italia,Via Roma 1,99999,Siena,Siena,Toscana
144,09/10/2020,Cliente W,A101,Prodotto 1,Famiglia A1,115,76.0,60.5,Categoria 1,Fornitore 1,Italia,Via Roma 1,99999,Vercelli,Vercelli,Piemonte
145,12/10/2020,Cliente Y,A101,Prodotto 1,Famiglia A1,114,76.2,61.0,Categoria 1,Fornitore 1,Italia,Via Roma 1,99999,Sud Sardegna,Sud Sardegna,Sardegna
146,13/10/2020,Cliente Y,A101,Prodotto 1,Famiglia A1,113,76.0,61.2,Categoria 1,Fornitore 1,Italia,Via Roma 1,99999,Rimini,Rimini,Emilia-Romagna
147,13/10/2020,Cliente W,A101,Prodotto 1,Famiglia A1,112,76.2,61.0,Categoria 1,Fornitore 1,Italia,Via Roma 1,99999,Terni,Terni,Umbria
148,13/10/2020,Cliente Z,A101,Prodotto 1,Famiglia A1,111,76.4,61.1,Categoria 1,Fornitore 1,Italia,Via Roma 1,99999,Rimini,Rimini,Emilia-Romagna
149,15/10/2020,Cliente Y,A101,Prodotto 1,Famiglia A1,110,77.0,61.3,Categoria 1,Fornitore 1,Italia,Via Roma 1,99999,Udine,Udine,Friuli Venezia Giulia
150,19/10/2020,Cliente Z,A101,Prodotto 1,Famiglia A1,109,77.0,61.3,Categoria 1,Fornitore 1,Italia,Via Roma 1,99999,Teramo,Teramo,Abruzzo
151,20/10/2020,Cliente W,A101,Prodotto 1,Famiglia A1,108,77.0,61.3,Categoria 1,Fornitore 1,Italia,Via Roma 1,99999,Savona,Savona,Liguria
152,20/10/2020,Cliente W,A101,Prodotto 1,Famiglia A1,107,77.0,61.3,Categoria 1,Fornitore 1,Italia,Via Roma 1,99999,Savona,Savona,Liguria
153,28/10/2020,Cliente W,A101,Prodotto 1,Famiglia A1,106,77.0,61.3,Categoria 1,Fornitore 1,Italia,Via Roma 1,99999,Teramo,Teramo,Abruzzo
154,28/10/2020,Cliente Z,A101,Prodotto 1,Famiglia A1,105,77.0,61.3,Categoria 1,Fornitore 1,Italia,Via Roma 1,99999,Trapani,Trapani,Sicilia
155,06/11/2020,Cliente W,A101,Prodotto 1,Famiglia A1,104,77.0,61.3,Categoria 1,Fornitore 1,Italia,Via Roma 1,99999,Savona,Savona,Liguria
156,09/11/2020,Cliente Y,A101,Prodotto 1,Famiglia A1,103,77.0,61.3,Categoria 1,Fornitore 1,Italia,Via Roma 1,99999,Vercelli,Vercelli,Piemonte
157,16/11/2020,Cliente X,A101,Prodotto 1,Famiglia A1,102,77.0,61.3,Categoria 1,Fornitore 1,Italia,Via Roma 1,99999,Varese,Varese,Lombardia
158,18/11/2020,Cliente Y,A101,Prodotto 1,Famiglia A1,101,77.0,61.3,Categoria 1,Fornitore 1,Italia,Via Roma 1,99999,Salerno,Salerno,Campania
159,19/11/2020,Cliente Z,A101,Prodotto 1,Famiglia A1,100,77.0,61.3,Categoria 1,Fornitore 1,Italia,Via Roma 1,99999,Vicenza,Vicenza,Veneto
160,23/11/2020,Cliente X,A101,Prodotto 1,Famiglia A1,99,77.1,61.4,Categoria 1,Fornitore 1,Italia,Via Roma 1,99999,Terni,Terni,Umbria
161,24/11/2020,Cliente X,A101,Prodotto 1,Famiglia A1,98,77.2,69.1,Categoria 1,Fornitore 1,Italia,Via Roma 1,99999,Vercelli,Vercelli,Piemonte
162,24/11/2020,Cliente W,A101,Prodotto 1,Famiglia A1,97,77.3,69.2,Categoria 1,Fornitore 1,Italia,Via Roma 1,99999,Trapani,Trapani,Sicilia
163,26/11/2020,Cliente Z,A101,Prodotto 1,Famiglia A1,96,77.0,69.3,Categoria 1,Fornitore 1,Italia,Via Roma 1,99999,Savona,Savona,Liguria
164,27/11/2020,Cliente W,A101,Prodotto 1,Famiglia A1,95,77.1,69.4,Categoria 1,Fornitore 1,Italia,Via Roma 1,99999,Vicenza,Vicenza,Veneto
165,27/11/2020,Cliente Z,A101,Prodotto 1,Famiglia A1,94,77.2,69.5,Categoria 1,Fornitore 1,Italia,Via Roma 1,99999,Udine,Udine,Friuli Venezia Giulia
166,30/11/2020,Cliente X,A101,Prodotto 1,Famiglia A1,93,77.3,70.0,Categoria 1,Fornitore 1,Italia,Via Roma 1,99999,Isernia,Isernia,Molise
167,01/12/2020,Cliente Z,A101,Prodotto 1,Famiglia A1,92,77.4,70.1,Categoria 1,Fornitore 1,Italia,Via Roma 1,99999,Vicenza,Vicenza,Veneto
168,09/12/2020,Cliente W,A101,Prodotto 1,Famiglia A1,91,77.5,70.1,Categoria 1,Fornitore 1,Italia,Via Roma 1,99999,Teramo,Teramo,Abruzzo
169,10/12/2020,Cliente Y,A101,Prodotto 1,Famiglia A1,90,78.0,70.2,Categoria 1,Fornitore 1,Italia,Via Roma 1,99999,Viterbo,Viterbo,Lazio
170,11/12/2020,Cliente Y,A101,Prodotto 1,Famiglia A1,89,78.1,70.3,Categoria 1,Fornitore 1,Italia,Via Roma 1,99999,Salerno,Salerno,Campania
171,14/12/2020,Cliente X,A101,Prodotto 1,Famiglia A1,88,78.2,70.0,Categoria 1,Fornitore 1,Italia,Via Roma 1,99999,Viterbo,Viterbo,Lazio
172,16/12/2020,Cliente W,A101,Prodotto 1,Famiglia A1,87,78.3,70.1,Categoria 1,Fornitore 1,Italia,Via Roma 1,99999,Vibo Valentia,Vibo Valentia,Calabria
173,16/12/2020,Cliente X,A101,Prodotto 1,Famiglia A1,86,78.0,70.2,Categoria 1,Fornitore 1,Italia,Via Roma 1,99999,Rimini,Rimini,Emilia-Romagna
174,17/12/2020,Cliente W,A101,Prodotto 1,Famiglia A1,85,78.1,70.3,Categoria 1,Fornitore 1,Italia,Via Roma 1,99999,Vicenza,Vicenza,Veneto
175,18/12/2020,Cliente Y,A101,Prodotto 1,Famiglia A1,84,78.2,70.4,Categoria 1,Fornitore 1,Italia,Via Roma 1,99999,Potenza,Potenza,Basilicata
176,22/12/2020,Cliente Y,A101,Prodotto 1,Famiglia A1,83,78.3,70.5,Categoria 1,Fornitore 1,Italia,Via Roma 1,99999,Savona,Savona,Liguria
177,23/12/2020,Cliente W,A101,Prodotto 1,Famiglia A1,82,78.4,71.0,Categoria 1,Fornitore 1,Italia,Via Roma 1,99999,Vicenza,Vicenza,Veneto
178,23/12/2020,Cliente W,A101,Prodotto 1,Famiglia A1,81,78.5,71.0,Categoria 1,Fornitore 1,Italia,Via Roma 1,99999,Salerno,Salerno,Campania
179,28/12/2020,Cliente X,A101,Prodotto 1,Famiglia A1,80,79.0,71.1,Categoria 1,Fornitore 1,Italia,Via Roma 1,99999,Savona,Savona,Liguria
180,30/12/2020,Cliente W,A101,Prodotto 1,Famiglia A1,79,79.1,71.2,Categoria 1,Fornitore 1,Italia,Via Roma 1,99999,Pesaro e Urbino,Pesaro e Urbino,Marche
181,30/12/2020,Cliente X,A101,Prodotto 1,Famiglia A1,78,79.2,71.3,Categoria 1,Fornitore 1,Italia,Via Roma 1,99999,Savona,Savona,Liguria
182,31/12/2020,Cliente Y,A101,Prodotto 1,Famiglia A1,77,79.3,71.0,Categoria 1,Fornitore 1,Italia,Via Roma 1,99999,Udine,Udine,Friuli Venezia Giulia
182,31/12/2020,Cliente Z,A101,Prodotto 1,Famiglia A1,77,79.3,71.0,Categoria 1,Fornitore 1,Italia,Via Roma 1,99999,Taranto,Taranto,Puglia
183,01/01/2020,Cliente Z,B102,Prodotto 2,Famiglia B1,220,54.0,40.0,Categoria 2,Fornitore 1,Italia,Via Roma 1,99999,Viterbo,Viterbo,Lazio
184,02/01/2020,Cliente Y,B102,Prodotto 2,Famiglia B1,212,53.0,40.3,Categoria 2,Fornitore 1,Italia,Via Roma 1,99999,Trapani,Trapani,Sicilia
185,09/01/2020,Cliente Z,B102,Prodotto 2,Famiglia B1,221,54.0,41.0,Categoria 2,Fornitore 1,Italia,Via Roma 1,99999,Pesaro e Urbino,Pesaro e Urbino,Marche
186,10/01/2020,Cliente W,B102,Prodotto 2,Famiglia B1,234,52.0,41.3,Categoria 2,Fornitore 1,Italia,Via Roma 1,99999,Rimini,Rimini,Emilia-Romagna
187,13/01/2020,Cliente W,B102,Prodotto 2,Famiglia B1,233,51.0,41.2,Categoria 2,Fornitore 1,Italia,Via Roma 1,99999,Salerno,Salerno,Campania
188,15/01/2020,Cliente Z,B102,Prodotto 2,Famiglia B1,268,54.0,41.5,Categoria 2,Fornitore 1,Italia,Via Roma 1,99999,Pesaro e Urbino,Pesaro e Urbino,Marche
189,17/01/2020,Cliente X,B102,Prodotto 2,Famiglia B1,245,56.0,42.2,Categoria 2,Fornitore 1,Italia,Via Roma 1,99999,Viterbo,Viterbo,Lazio
190,20/01/2020,Cliente Z,B102,Prodotto 2,Famiglia B1,254,52.0,42.1,Categoria 2,Fornitore 1,Italia,Via Roma 1,99999,Viterbo,Viterbo,Lazio
191,21/01/2020,Cliente Y,B102,Prodotto 2,Famiglia B1,276,50.0,42.4,Categoria 2,Fornitore 1,Italia,Via Roma 1,99999,Trento,Trento,Trentino-Alto Adige
192,23/01/2020,Cliente X,B102,Prodotto 2,Famiglia B1,211,50.0,43.1,Categoria 2,Fornitore 1,Italia,Via Roma 1,99999,Rimini,Rimini,Emilia-Romagna
193,24/01/2020,Cliente Z,B102,Prodotto 2,Famiglia B1,220,51.0,43.0,Categoria 2,Fornitore 1,Italia,Via Roma 1,99999,Salerno,Salerno,Campania
194,29/01/2020,Cliente Z,B102,Prodotto 2,Famiglia B1,220,52.0,43.3,Categoria 2,Fornitore 1,Italia,Via Roma 1,99999,Vercelli,Vercelli,Piemonte
195,29/01/2020,Cliente Z,B102,Prodotto 2,Famiglia B1,220,51.0,44.0,Categoria 2,Fornitore 1,Italia,Via Roma 1,99999,Trento,Trento,Trentino-Alto Adige
196,30/01/2020,Cliente X,B102,Prodotto 2,Famiglia B1,220,50.0,44.3,Categoria 2,Fornitore 1,Italia,Via Roma 1,99999,Trapani,Trapani,Sicilia
197,30/01/2020,Cliente Y,B102,Prodotto 2,Famiglia B1,220,50.0,44.2,Categoria 2,Fornitore 1,Italia,Via Roma 1,99999,Trento,Trento,Trentino-Alto Adige
198,30/01/2020,Cliente W,B102,Prodotto 2,Famiglia B1,220,49.0,44.5,Categoria 2,Fornitore 1,Italia,Via Roma 1,99999,Siena,Siena,Toscana
199,03/02/2020,Cliente Y,B102,Prodotto 2,Famiglia B1,243,51.0,45.2,Categoria 2,Fornitore 1,Italia,Via Roma 1,99999,Trento,Trento,Trentino-Alto Adige
200,03/02/2020,Cliente Y,B102,Prodotto 2,Famiglia B1,239,48.0,45.1,Categoria 2,Fornitore 1,Italia,Via Roma 1,99999,Trapani,Trapani,Sicilia
201,04/02/2020,Cliente W,B102,Prodotto 2,Famiglia B1,245,50.0,45.4,Categoria 2,Fornitore 1,Italia,Via Roma 1,99999,Vicenza,Vicenza,Veneto
202,05/02/2020,Cliente Z,B102,Prodotto 2,Famiglia B1,264,50.3,46.1,Categoria 2,Fornitore 1,Italia,Via Roma 1,99999,Isernia,Isernia,Molise
203,13/02/2020,Cliente Z,B102,Prodotto 2,Famiglia B1,260,51.0,45.4,Categoria 2,Fornitore 1,Italia,Via Roma 1,99999,Rimini,Rimini,Emilia-Romagna
204,13/02/2020,Cliente X,B102,Prodotto 2,Famiglia B1,258,51.3,45.1,Categoria 2,Fornitore 1,Italia,Via Roma 1,99999,Siena,Siena,Toscana
205,14/02/2020,Cliente W,B102,Prodotto 2,Famiglia B1,233,51.2,45.2,Categoria 2,Fornitore 1,Italia,Via Roma 1,99999,Udine,Udine,Friuli Venezia Giulia
206,17/02/2020,Cliente X,B102,Prodotto 2,Famiglia B1,248,51.5,44.5,Categoria 2,Fornitore 1,Italia,Via Roma 1,99999,Viterbo,Viterbo,Lazio
207,19/02/2020,Cliente Z,B102,Prodotto 2,Famiglia B1,231,52.2,44.2,Categoria 2,Fornitore 1,Italia,Via Roma 1,99999,Savona,Savona,Liguria
208,20/02/2020,Cliente Z,B102,Prodotto 2,Famiglia B1,220,52.1,44.3,Categoria 2,Fornitore 1,Italia,Via Roma 1,99999,Potenza,Potenza,Basilicata
209,21/02/2020,Cliente X,B102,Prodotto 2,Famiglia B1,240,52.4,44.0,Categoria 2,Fornitore 1,Italia,Via Roma 1,99999,Trapani,Trapani,Sicilia
210,28/02/2020,Cliente Z,B102,Prodotto 2,Famiglia B1,212,53.1,43.3,Categoria 2,Fornitore 1,Italia,Via Roma 1,99999,Terni,Terni,Umbria
211,03/03/2020,Cliente X,B102,Prodotto 2,Famiglia B1,210,53.0,43.0,Categoria 2,Fornitore 1,Italia,Via Roma 1,99999,Trapani,Trapani,Sicilia
212,03/03/2020,Cliente W,B102,Prodotto 2,Famiglia B1,209,53.3,43.1,Categoria 2,Fornitore 1,Italia,Via Roma 1,99999,Siena,Siena,Toscana
213,04/03/2020,Cliente Y,B102,Prodotto 2,Famiglia B1,220,54.0,42.4,Categoria 2,Fornitore 1,Italia,Via Roma 1,99999,Teramo,Teramo,Abruzzo
214,04/03/2020,Cliente W,B102,Prodotto 2,Famiglia B1,211,54.3,42.1,Categoria 2,Fornitore 1,Italia,Via Roma 1,99999,Teramo,Teramo,Abruzzo
215,05/03/2020,Cliente X,B102,Prodotto 2,Famiglia B1,212,54.2,42.2,Categoria 2,Fornitore 1,Italia,Via Roma 1,99999,Taranto,Taranto,Puglia
216,05/03/2020,Cliente Y,B102,Prodotto 2,Famiglia B1,230,54.5,41.5,Categoria 2,Fornitore 1,Italia,Via Roma 1,99999,Vibo Valentia,Vibo Valentia,Calabria
217,06/03/2020,Cliente X,B102,Prodotto 2,Famiglia B1,205,55.2,41.2,Categoria 2,Fornitore 1,Italia,Via Roma 1,99999,Potenza,Potenza,Basilicata
218,06/03/2020,Cliente Y,B102,Prodotto 2,Famiglia B1,210,55.1,41.3,Categoria 2,Fornitore 1,Italia,Via Roma 1,99999,Terni,Terni,Umbria
219,10/03/2020,Cliente W,B102,Prodotto 2,Famiglia B1,222,55.4,41.0,Categoria 2,Fornitore 1,Italia,Via Roma 1,99999,Pesaro e Urbino,Pesaro e Urbino,Marche
220,10/03/2020,Cliente W,B102,Prodotto 2,Famiglia B1,208,56.1,40.3,Categoria 2,Fornitore 1,Italia,Via Roma 1,99999,Siena,Siena,Toscana
221,10/03/2020,Cliente Y,B102,Prodotto 2,Famiglia B1,204,56.0,40.0,Categoria 2,Fornitore 1,Italia,Via Roma 1,99999,Vercelli,Vercelli,Piemonte
222,11/03/2020,Cliente X,B102,Prodotto 2,Famiglia B1,201,56.3,40.1,Categoria 2,Fornitore 1,Italia,Via Roma 1,99999,Udine,Udine,Friuli Venezia Giulia
223,12/03/2020,Cliente Z,B102,Prodotto 2,Famiglia B1,200,57.0,40.1,Categoria 2,Fornitore 1,Italia,Via Roma 1,99999,Potenza,Potenza,Basilicata
224,12/03/2020,Cliente X,B102,Prodotto 2,Famiglia B1,199,57.3,40.1,Categoria 2,Fornitore 1,Italia,Via Roma 1,99999,Siena,Siena,Toscana
225,18/03/2020,Cliente X,B102,Prodotto 2,Famiglia B1,198,57.2,40.1,Categoria 2,Fornitore 1,Italia,Via Roma 1,99999,Rimini,Rimini,Emilia-Romagna
226,18/03/2020,Cliente Y,B102,Prodotto 2,Famiglia B1,197,57.5,40.1,Categoria 2,Fornitore 1,Italia,Via Roma 1,99999,Viterbo,Viterbo,Lazio
227,20/03/2020,Cliente X,B102,Prodotto 2,Famiglia B1,196,58.2,40.1,Categoria 2,Fornitore 1,Italia,Via Roma 1,99999,Salerno,Salerno,Campania
228,23/03/2020,Cliente Y,B102,Prodotto 2,Famiglia B1,195,58.1,40.1,Categoria 2,Fornitore 1,Italia,Via Roma 1,99999,Taranto,Taranto,Puglia
229,23/03/2020,Cliente X,B102,Prodotto 2,Famiglia B1,194,58.4,40.1,Categoria 2,Fornitore 1,Italia,Via Roma 1,99999,Terni,Terni,Umbria
230,25/03/2020,Cliente Z,B102,Prodotto 2,Famiglia B1,193,59.1,40.1,Categoria 2,Fornitore 1,Italia,Via Roma 1,99999,Taranto,Taranto,Puglia
231,27/03/2020,Cliente Y,B102,Prodotto 2,Famiglia B1,192,59.0,40.0,Categoria 2,Fornitore 1,Italia,Via Roma 1,99999,Savona,Savona,Liguria
232,30/03/2020,Cliente W,B102,Prodotto 2,Famiglia B1,191,59.3,40.3,Categoria 2,Fornitore 1,Italia,Via Roma 1,99999,Teramo,Teramo,Abruzzo
233,06/04/2020,Cliente W,B102,Prodotto 2,Famiglia B1,190,60.0,41.0,Categoria 2,Fornitore 1,Italia,Via Roma 1,99999,Varese,Varese,Lombardia
234,06/04/2020,Cliente X,B102,Prodotto 2,Famiglia B1,189,60.3,41.3,Categoria 2,Fornitore 1,Italia,Via Roma 1,99999,Rimini,Rimini,Emilia-Romagna
235,09/04/2020,Cliente Y,B102,Prodotto 2,Famiglia B1,188,60.2,41.2,Categoria 2,Fornitore 1,Italia,Via Roma 1,99999,Trento,Trento,Trentino-Alto Adige
236,14/04/2020,Cliente Z,B102,Prodotto 2,Famiglia B1,187,60.5,41.5,Categoria 2,Fornitore 1,Italia,Via Roma 1,99999,Udine,Udine,Friuli Venezia Giulia
237,14/04/2020,Cliente Y,B102,Prodotto 2,Famiglia B1,186,61.2,42.2,Categoria 2,Fornitore 1,Italia,Via Roma 1,99999,Siena,Siena,Toscana
238,15/04/2020,Cliente Y,B102,Prodotto 2,Famiglia B1,185,61.1,42.1,Categoria 2,Fornitore 1,Italia,Via Roma 1,99999,Salerno,Salerno,Campania
239,15/04/2020,Cliente Z,B102,Prodotto 2,Famiglia B1,184,61.4,42.4,Categoria 2,Fornitore 1,Italia,Via Roma 1,99999,Trapani,Trapani,Sicilia
240,16/04/2020,Cliente Y,B102,Prodotto 2,Famiglia B1,183,62.1,43.1,Categoria 2,Fornitore 1,Italia,Via Roma 1,99999,Savona,Savona,Liguria
241,16/04/2020,Cliente Y,B102,Prodotto 2,Famiglia B1,182,62.0,43.0,Categoria 2,Fornitore 1,Italia,Via Roma 1,99999,Siena,Siena,Toscana
242,16/04/2020,Cliente X,B102,Prodotto 2,Famiglia B1,181,62.3,43.3,Categoria 2,Fornitore 1,Italia,Via Roma 1,99999,Trento,Trento,Trentino-Alto Adige
243,17/04/2020,Cliente Z,B102,Prodotto 2,Famiglia B1,180,63.0,44.0,Categoria 2,Fornitore 1,Italia,Via Roma 1,99999,Taranto,Taranto,Puglia
244,20/04/2020,Cliente X,B102,Prodotto 2,Famiglia B1,179,63.3,44.3,Categoria 2,Fornitore 1,Italia,Via Roma 1,99999,Teramo,Teramo,Abruzzo
245,22/04/2020,Cliente X,B102,Prodotto 2,Famiglia B1,178,63.2,44.2,Categoria 2,Fornitore 1,Italia,Via Roma 1,99999,Teramo,Teramo,Abruzzo
246,23/04/2020,Cliente W,B102,Prodotto 2,Famiglia B1,177,63.5,44.5,Categoria 2,Fornitore 1,Italia,Via Roma 1,99999,Aosta,Aosta,Valle d'Aosta
247,24/04/2020,Cliente W,B102,Prodotto 2,Famiglia B1,176,64.2,45.2,Categoria 2,Fornitore 1,Italia,Via Roma 1,99999,Vicenza,Vicenza,Veneto
248,24/04/2020,Cliente Z,B102,Prodotto 2,Famiglia B1,175,64.1,45.1,Categoria 2,Fornitore 1,Italia,Via Roma 1,99999,Isernia,Isernia,Molise
249,29/04/2020,Cliente Y,B102,Prodotto 2,Famiglia B1,176,64.4,45.4,Categoria 2,Fornitore 1,Italia,Via Roma 1,99999,Savona,Savona,Liguria
250,29/04/2020,Cliente Z,B102,Prodotto 2,Famiglia B1,177,65.1,46.1,Categoria 2,Fornitore 1,Italia,Via Roma 1,99999,Isernia,Isernia,Molise
251,30/04/2020,Cliente W,B102,Prodotto 2,Famiglia B1,178,65.0,45.5,Categoria 2,Fornitore 1,Italia,Via Roma 1,99999,Salerno,Salerno,Campania
252,01/05/2020,Cliente W,B102,Prodotto 2,Famiglia B1,179,65.3,45.3,Categoria 2,Fornitore 1,Italia,Via Roma 1,99999,Potenza,Potenza,Basilicata
253,04/05/2020,Cliente Z,B102,Prodotto 2,Famiglia B1,180,66.0,45.1,Categoria 2,Fornitore 1,Italia,Via Roma 1,99999,Aosta,Aosta,Valle d'Aosta
254,04/05/2020,Cliente Y,B102,Prodotto 2,Famiglia B1,181,65.0,45.3,Categoria 2,Fornitore 1,Italia,Via Roma 1,99999,Udine,Udine,Friuli Venezia Giulia
255,06/05/2020,Cliente X,B102,Prodotto 2,Famiglia B1,182,64.4,45.1,Categoria 2,Fornitore 1,Italia,Via Roma 1,99999,Aosta,Aosta,Valle d'Aosta
256,07/05/2020,Cliente Z,B102,Prodotto 2,Famiglia B1,183,64.2,44.5,Categoria 2,Fornitore 1,Italia,Via Roma 1,99999,Pesaro e Urbino,Pesaro e Urbino,Marche
257,11/05/2020,Cliente Z,B102,Prodotto 2,Famiglia B1,184,63.2,44.3,Categoria 2,Fornitore 1,Italia,Via Roma 1,99999,Vercelli,Vercelli,Piemonte
258,11/05/2020,Cliente X,B102,Prodotto 2,Famiglia B1,185,63.0,44.1,Categoria 2,Fornitore 1,Italia,Via Roma 1,99999,Potenza,Potenza,Basilicata
259,12/05/2020,Cliente W,B102,Prodotto 2,Famiglia B1,186,62.0,44.3,Categoria 2,Fornitore 1,Italia,Via Roma 1,99999,Udine,Udine,Friuli Venezia Giulia
260,13/05/2020,Cliente W,B102,Prodotto 2,Famiglia B1,187,61.4,44.1,Categoria 2,Fornitore 1,Italia,Via Roma 1,99999,Salerno,Salerno,Campania
261,13/05/2020,Cliente W,B102,Prodotto 2,Famiglia B1,188,61.2,43.5,Categoria 2,Fornitore 1,Italia,Via Roma 1,99999,Terni,Terni,Umbria
262,13/05/2020,Cliente Y,B102,Prodotto 2,Famiglia B1,189,60.2,43.3,Categoria 2,Fornitore 1,Italia,Via Roma 1,99999,Pesaro e Urbino,Pesaro e Urbino,Marche
263,14/05/2020,Cliente X,B102,Prodotto 2,Famiglia B1,190,60.0,43.1,Categoria 2,Fornitore 1,Italia,Via Roma 1,99999,Varese,Varese,Lombardia
264,14/05/2020,Cliente Y,B102,Prodotto 2,Famiglia B1,191,59.0,43.3,Categoria 2,Fornitore 1,Italia,Via Roma 1,99999,Isernia,Isernia,Molise
265,15/05/2020,Cliente X,B102,Prodotto 2,Famiglia B1,192,58.4,43.1,Categoria 2,Fornitore 1,Italia,Via Roma 1,99999,Trento,Trento,Trentino-Alto Adige
266,18/05/2020,Cliente Z,B102,Prodotto 2,Famiglia B1,193,58.2,42.5,Categoria 2,Fornitore 1,Italia,Via Roma 1,99999,Pesaro e Urbino,Pesaro e Urbino,Marche
267,18/05/2020,Cliente W,B102,Prodotto 2,Famiglia B1,194,57.2,42.3,Categoria 2,Fornitore 1,Italia,Via Roma 1,99999,Varese,Varese,Lombardia
268,22/05/2020,Cliente Z,B102,Prodotto 2,Famiglia B1,195,57.0,42.1,Categoria 2,Fornitore 1,Italia,Via Roma 1,99999,Siena,Siena,Toscana
269,22/05/2020,Cliente W,B102,Prodotto 2,Famiglia B1,196,56.0,42.3,Categoria 2,Fornitore 1,Italia,Via Roma 1,99999,Rimini,Rimini,Emilia-Romagna
270,01/06/2020,Cliente Z,B102,Prodotto 2,Famiglia B1,197,55.4,42.1,Categoria 2,Fornitore 1,Italia,Via Roma 1,99999,Vicenza,Vicenza,Veneto
271,02/06/2020,Cliente Y,B102,Prodotto 2,Famiglia B1,198,55.2,41.5,Categoria 2,Fornitore 1,Italia,Via Roma 1,99999,Vicenza,Vicenza,Veneto
272,02/06/2020,Cliente W,B102,Prodotto 2,Famiglia B1,199,54.2,41.3,Categoria 2,Fornitore 1,Italia,Via Roma 1,99999,Vicenza,Vicenza,Veneto
273,10/06/2020,Cliente Z,B102,Prodotto 2,Famiglia B1,200,54.0,41.1,Categoria 2,Fornitore 1,Italia,Via Roma 1,99999,Aosta,Aosta,Valle d'Aosta
274,16/06/2020,Cliente W,B102,Prodotto 2,Famiglia B1,201,53.0,41.3,Categoria 2,Fornitore 1,Italia,Via Roma 1,99999,Aosta,Aosta,Valle d'Aosta
275,16/06/2020,Cliente W,B102,Prodotto 2,Famiglia B1,202,52.4,41.1,Categoria 2,Fornitore 1,Italia,Via Roma 1,99999,Rimini,Rimini,Emilia-Romagna
276,18/06/2020,Cliente X,B102,Prodotto 2,Famiglia B1,203,52.2,40.5,Categoria 2,Fornitore 1,Italia,Via Roma 1,99999,Varese,Varese,Lombardia
277,19/06/2020,Cliente X,B102,Prodotto 2,Famiglia B1,204,51.2,40.3,Categoria 2,Fornitore 1,Italia,Via Roma 1,99999,Savona,Savona,Liguria
278,24/06/2020,Cliente X,B102,Prodotto 2,Famiglia B1,205,51.0,40.1,Categoria 2,Fornitore 1,Italia,Via Roma 1,99999,Rimini,Rimini,Emilia-Romagna
279,25/06/2020,Cliente X,B102,Prodotto 2,Famiglia B1,206,50.0,40.3,Categoria 2,Fornitore 1,Italia,Via Roma 1,99999,Udine,Udine,Friuli Venezia Giulia
280,26/06/2020,Cliente Z,B102,Prodotto 2,Famiglia B1,207,49.4,40.1,Categoria 2,Fornitore 1,Italia,Via Roma 1,99999,Vercelli,Vercelli,Piemonte
281,26/06/2020,Cliente X,B102,Prodotto 2,Famiglia B1,208,49.2,39.5,Categoria 2,Fornitore 1,Italia,Via Roma 1,99999,Trento,Trento,Trentino-Alto Adige
282,30/06/2020,Cliente X,B102,Prodotto 2,Famiglia B1,209,48.2,39.3,Categoria 2,Fornitore 1,Italia,Via Roma 1,99999,Siena,Siena,Toscana
283,30/06/2020,Cliente X,B102,Prodotto 2,Famiglia B1,210,48.1,36.1,Categoria 2,Fornitore 1,Italia,Via Roma 1,99999,Potenza,Potenza,Basilicata
284,02/07/2020,Cliente W,B102,Prodotto 2,Famiglia B1,211,48.0,36.0,Categoria 2,Fornitore 1,Italia,Via Roma 1,99999,Taranto,Taranto,Puglia
285,03/07/2020,Cliente Y,B102,Prodotto 2,Famiglia B1,212,40.3,28.3,Categoria 2,Fornitore 1,Italia,Via Roma 1,99999,Varese,Varese,Lombardia
286,07/07/2020,Cliente W,B102,Prodotto 2,Famiglia B1,213,40.2,28.2,Categoria 2,Fornitore 1,Italia,Via Roma 1,99999,Taranto,Taranto,Puglia
287,10/07/2020,Cliente Z,B102,Prodotto 2,Famiglia B1,214,40.1,28.1,Categoria 2,Fornitore 1,Italia,Via Roma 1,99999,Isernia,Isernia,Molise
288,13/07/2020,Cliente W,B102,Prodotto 2,Famiglia B1,215,40.0,28.0,Categoria 2,Fornitore 1,Italia,Via Roma 1,99999,Isernia,Isernia,Molise
289,13/07/2020,Cliente Y,B102,Prodotto 2,Famiglia B1,216,39.5,27.5,Categoria 2,Fornitore 1,Italia,Via Roma 1,99999,Vercelli,Vercelli,Piemonte
290,13/07/2020,Cliente Z,B102,Prodotto 2,Famiglia B1,217,39.4,27.4,Categoria 2,Fornitore 1,Italia,Via Roma 1,99999,Udine,Udine,Friuli Venezia Giulia
291,16/07/2020,Cliente Z,B102,Prodotto 2,Famiglia B1,218,39.3,27.3,Categoria 2,Fornitore 1,Italia,Via Roma 1,99999,Rimini,Rimini,Emilia-Romagna
292,20/07/2020,Cliente X,B102,Prodotto 2,Famiglia B1,219,39.2,27.2,Categoria 2,Fornitore 1,Italia,Via Roma 1,99999,Teramo,Teramo,Abruzzo
293,27/07/2020,Cliente Z,B102,Prodotto 2,Famiglia B1,220,39.1,27.1,Categoria 2,Fornitore 1,Italia,Via Roma 1,99999,Teramo,Teramo,Abruzzo
294,28/07/2020,Cliente Y,B102,Prodotto 2,Famiglia B1,221,39.0,27.0,Categoria 2,Fornitore 1,Italia,Via Roma 1,99999,Pesaro e Urbino,Pesaro e Urbino,Marche
295,29/07/2020,Cliente W,B102,Prodotto 2,Famiglia B1,222,39.3,27.3,Categoria 2,Fornitore 1,Italia,Via Roma 1,99999,Vicenza,Vicenza,Veneto
296,06/08/2020,Cliente Z,B102,Prodotto 2,Famiglia B1,223,39.2,27.2,Categoria 2,Fornitore 1,Italia,Via Roma 1,99999,Taranto,Taranto,Puglia
297,06/08/2020,Cliente W,B102,Prodotto 2,Famiglia B1,224,39.1,27.1,Categoria 2,Fornitore 1,Italia,Via Roma 1,99999,Trapani,Trapani,Sicilia
298,07/08/2020,Cliente Y,B102,Prodotto 2,Famiglia B1,225,39.0,27.0,Categoria 2,Fornitore 1,Italia,Via Roma 1,99999,Isernia,Isernia,Molise
299,07/08/2020,Cliente Z,B102,Prodotto 2,Famiglia B1,226,38.5,26.5,Categoria 2,Fornitore 1,Italia,Via Roma 1,99999,Udine,Udine,Friuli Venezia Giulia
300,10/08/2020,Cliente Y,B102,Prodotto 2,Famiglia B1,227,38.4,26.4,Categoria 2,Fornitore 1,Italia,Via Roma 1,99999,Potenza,Potenza,Basilicata
301,10/08/2020,Cliente Y,B102,Prodotto 2,Famiglia B1,228,38.3,26.3,Categoria 2,Fornitore 1,Italia,Via Roma 1,99999,Trento,Trento,Trentino-Alto Adige
302,11/08/2020,Cliente W,B102,Prodotto 2,Famiglia B1,229,38.2,26.2,Categoria 2,Fornitore 1,Italia,Via Roma 1,99999,Vibo Valentia,Vibo Valentia,Calabria
303,11/08/2020,Cliente W,B102,Prodotto 2,Famiglia B1,230,38.1,26.1,Categoria 2,Fornitore 1,Italia,Via Roma 1,99999,Trento,Trento,Trentino-Alto Adige
304,11/08/2020,Cliente X,B102,Prodotto 2,Famiglia B1,231,38.0,26.0,Categoria 2,Fornitore 1,Italia,Via Roma 1,99999,Viterbo,Viterbo,Lazio
305,17/08/2020,Cliente Y,B102,Prodotto 2,Famiglia B1,232,38.3,26.3,Categoria 2,Fornitore 1,Italia,Via Roma 1,99999,Vercelli,Vercelli,Piemonte
306,18/08/2020,Cliente Y,B102,Prodotto 2,Famiglia B1,233,38.2,26.2,Categoria 2,Fornitore 1,Italia,Via Roma 1,99999,Terni,Terni,Umbria
307,18/08/2020,Cliente X,B102,Prodotto 2,Famiglia B1,234,38.1,26.1,Categoria 2,Fornitore 1,Italia,Via Roma 1,99999,Trento,Trento,Trentino-Alto Adige
308,21/08/2020,Cliente W,B102,Prodotto 2,Famiglia B1,235,38.0,26.0,Categoria 2,Fornitore 1,Italia,Via Roma 1,99999,Savona,Savona,Liguria
309,21/08/2020,Cliente Y,B102,Prodotto 2,Famiglia B1,236,37.5,25.5,Categoria 2,Fornitore 1,Italia,Via Roma 1,99999,Rimini,Rimini,Emilia-Romagna
310,24/08/2020,Cliente Z,B102,Prodotto 2,Famiglia B1,237,37.4,25.4,Categoria 2,Fornitore 1,Italia,Via Roma 1,99999,Sud Sardegna,Sud Sardegna,Sardegna
311,24/08/2020,Cliente W,B102,Prodotto 2,Famiglia B1,238,37.3,25.3,Categoria 2,Fornitore 1,Italia,Via Roma 1,99999,Siena,Siena,Toscana
312,25/08/2020,Cliente Y,B102,Prodotto 2,Famiglia B1,239,37.2,25.2,Categoria 2,Fornitore 1,Italia,Via Roma 1,99999,Salerno,Salerno,Campania
313,28/08/2020,Cliente W,B102,Prodotto 2,Famiglia B1,240,37.1,25.1,Categoria 2,Fornitore 1,Italia,Via Roma 1,99999,Sud Sardegna,Sud Sardegna,Sardegna
314,18/09/2020,Cliente X,B102,Prodotto 2,Famiglia B1,241,37.0,25.0,Categoria 2,Fornitore 1,Italia,Via Roma 1,99999,Trento,Trento,Trentino-Alto Adige
315,18/09/2020,Cliente Y,B102,Prodotto 2,Famiglia B1,242,37.3,25.3,Categoria 2,Fornitore 1,Italia,Via Roma 1,99999,Vicenza,Vicenza,Veneto
316,21/09/2020,Cliente W,B102,Prodotto 2,Famiglia B1,243,37.2,25.2,Categoria 2,Fornitore 1,Italia,Via Roma 1,99999,Siena,Siena,Toscana
317,22/09/2020,Cliente X,B102,Prodotto 2,Famiglia B1,244,37.1,25.1,Categoria 2,Fornitore 1,Italia,Via Roma 1,99999,Pesaro e Urbino,Pesaro e Urbino,Marche
318,22/09/2020,Cliente Y,B102,Prodotto 2,Famiglia B1,245,37.0,25.0,Categoria 2,Fornitore 1,Italia,Via Roma 1,99999,Vercelli,Vercelli,Piemonte
319,23/09/2020,Cliente Z,B102,Prodotto 2,Famiglia B1,246,36.5,24.5,Categoria 2,Fornitore 1,Italia,Via Roma 1,99999,Potenza,Potenza,Basilicata
320,28/09/2020,Cliente Z,B102,Prodotto 2,Famiglia B1,247,36.4,24.4,Categoria 2,Fornitore 1,Italia,Via Roma 1,99999,Varese,Varese,Lombardia
321,30/09/2020,Cliente Y,B102,Prodotto 2,Famiglia B1,248,36.3,24.3,Categoria 2,Fornitore 1,Italia,Via Roma 1,99999,Potenza,Potenza,Basilicata
322,30/09/2020,Cliente X,B102,Prodotto 2,Famiglia B1,249,36.2,24.2,Categoria 2,Fornitore 1,Italia,Via Roma 1,99999,Varese,Varese,Lombardia
323,30/09/2020,Cliente Z,B102,Prodotto 2,Famiglia B1,250,36.1,24.1,Categoria 2,Fornitore 1,Italia,Via Roma 1,99999,Vibo Valentia,Vibo Valentia,Calabria
324,01/10/2020,Cliente Z,B102,Prodotto 2,Famiglia B1,251,36.0,24.0,Categoria 2,Fornitore 1,Italia,Via Roma 1,99999,Viterbo,Viterbo,Lazio
325,06/10/2020,Cliente Y,B102,Prodotto 2,Famiglia B1,252,36.3,24.3,Categoria 2,Fornitore 1,Italia,Via Roma 1,99999,Taranto,Taranto,Puglia
326,09/10/2020,Cliente Y,B102,Prodotto 2,Famiglia B1,253,36.2,24.2,Categoria 2,Fornitore 1,Italia,Via Roma 1,99999,Terni,Terni,Umbria
327,12/10/2020,Cliente Y,B102,Prodotto 2,Famiglia B1,254,36.1,24.1,Categoria 2,Fornitore 1,Italia,Via Roma 1,99999,Varese,Varese,Lombardia
328,19/10/2020,Cliente W,B102,Prodotto 2,Famiglia B1,255,36.0,24.0,Categoria 2,Fornitore 1,Italia,Via Roma 1,99999,Terni,Terni,Umbria
329,20/10/2020,Cliente X,B102,Prodotto 2,Famiglia B1,256,35.5,24.1,Categoria 2,Fornitore 1,Italia,Via Roma 1,99999,Vicenza,Vicenza,Veneto
330,21/10/2020,Cliente X,B102,Prodotto 2,Famiglia B1,254,36.1,24.2,Categoria 2,Fornitore 1,Italia,Via Roma 1,99999,Trapani,Trapani,Sicilia
331,22/10/2020,Cliente W,B102,Prodotto 2,Famiglia B1,252,36.3,24.3,Categoria 2,Fornitore 1,Italia,Via Roma 1,99999,Aosta,Aosta,Valle d'Aosta
332,23/10/2020,Cliente Y,B102,Prodotto 2,Famiglia B1,250,36.1,24.1,Categoria 2,Fornitore 1,Italia,Via Roma 1,99999,Varese,Varese,Lombardia
333,23/10/2020,Cliente Z,B102,Prodotto 2,Famiglia B1,248,36.3,24.3,Categoria 2,Fornitore 1,Italia,Via Roma 1,99999,Varese,Varese,Lombardia
334,27/10/2020,Cliente W,B102,Prodotto 2,Famiglia B1,246,36.5,24.5,Categoria 2,Fornitore 1,Italia,Via Roma 1,99999,Salerno,Salerno,Campania
335,27/10/2020,Cliente X,B102,Prodotto 2,Famiglia B1,244,37.1,25.1,Categoria 2,Fornitore 1,Italia,Via Roma 1,99999,Vibo Valentia,Vibo Valentia,Calabria
336,28/10/2020,Cliente Z,B102,Prodotto 2,Famiglia B1,242,37.3,25.3,Categoria 2,Fornitore 1,Italia,Via Roma 1,99999,Teramo,Teramo,Abruzzo
337,28/10/2020,Cliente Y,B102,Prodotto 2,Famiglia B1,240,37.1,25.1,Categoria 2,Fornitore 1,Italia,Via Roma 1,99999,Pesaro e Urbino,Pesaro e Urbino,Marche
338,30/10/2020,Cliente Z,B102,Prodotto 2,Famiglia B1,238,37.3,25.3,Categoria 2,Fornitore 1,Italia,Via Roma 1,99999,Savona,Savona,Liguria
339,02/11/2020,Cliente Z,B102,Prodotto 2,Famiglia B1,236,37.5,25.5,Categoria 2,Fornitore 1,Italia,Via Roma 1,99999,Trapani,Trapani,Sicilia
340,02/11/2020,Cliente Z,B102,Prodotto 2,Famiglia B1,234,38.1,26.1,Categoria 2,Fornitore 1,Italia,Via Roma 1,99999,Siena,Siena,Toscana
341,03/11/2020,Cliente Y,B102,Prodotto 2,Famiglia B1,232,38.3,26.3,Categoria 2,Fornitore 1,Italia,Via Roma 1,99999,Savona,Savona,Liguria
342,05/11/2020,Cliente Y,B102,Prodotto 2,Famiglia B1,230,38.1,26.1,Categoria 2,Fornitore 1,Italia,Via Roma 1,99999,Terni,Terni,Umbria
343,09/11/2020,Cliente Z,B102,Prodotto 2,Famiglia B1,228,38.3,26.3,Categoria 2,Fornitore 1,Italia,Via Roma 1,99999,Teramo,Teramo,Abruzzo
344,12/11/2020,Cliente Y,B102,Prodotto 2,Famiglia B1,226,38.5,26.5,Categoria 2,Fornitore 1,Italia,Via Roma 1,99999,Siena,Siena,Toscana
345,16/11/2020,Cliente Z,B102,Prodotto 2,Famiglia B1,224,39.1,27.1,Categoria 2,Fornitore 1,Italia,Via Roma 1,99999,Teramo,Teramo,Abruzzo
346,19/11/2020,Cliente W,B102,Prodotto 2,Famiglia B1,222,39.3,27.3,Categoria 2,Fornitore 1,Italia,Via Roma 1,99999,Salerno,Salerno,Campania
347,19/11/2020,Cliente Z,B102,Prodotto 2,Famiglia B1,220,39.1,27.1,Categoria 2,Fornitore 1,Italia,Via Roma 1,99999,Terni,Terni,Umbria
348,23/11/2020,Cliente W,B102,Prodotto 2,Famiglia B1,218,39.3,27.3,Categoria 2,Fornitore 1,Italia,Via Roma 1,99999,Aosta,Aosta,Valle d'Aosta
349,27/11/2020,Cliente W,B102,Prodotto 2,Famiglia B1,216,39.5,27.5,Categoria 2,Fornitore 1,Italia,Via Roma 1,99999,Trapani,Trapani,Sicilia
350,27/11/2020,Cliente W,B102,Prodotto 2,Famiglia B1,214,40.1,28.1,Categoria 2,Fornitore 1,Italia,Via Roma 1,99999,Vicenza,Vicenza,Veneto
351,30/11/2020,Cliente Y,B102,Prodotto 2,Famiglia B1,212,40.3,28.3,Categoria 2,Fornitore 1,Italia,Via Roma 1,99999,Udine,Udine,Friuli Venezia Giulia
352,02/12/2020,Cliente Z,B102,Prodotto 2,Famiglia B1,210,40.1,28.1,Categoria 2,Fornitore 1,Italia,Via Roma 1,99999,Taranto,Taranto,Puglia
353,02/12/2020,Cliente W,B102,Prodotto 2,Famiglia B1,208,40.3,28.3,Categoria 2,Fornitore 1,Italia,Via Roma 1,99999,Vercelli,Vercelli,Piemonte
354,04/12/2020,Cliente W,B102,Prodotto 2,Famiglia B1,206,40.5,28.5,Categoria 2,Fornitore 1,Italia,Via Roma 1,99999,Pesaro e Urbino,Pesaro e Urbino,Marche
355,07/12/2020,Cliente Z,B102,Prodotto 2,Famiglia B1,204,41.1,29.1,Categoria 2,Fornitore 1,Italia,Via Roma 1,99999,Sud Sardegna,Sud Sardegna,Sardegna
356,08/12/2020,Cliente X,B102,Prodotto 2,Famiglia B1,202,41.3,29.3,Categoria 2,Fornitore 1,Italia,Via Roma 1,99999,Trapani,Trapani,Sicilia
357,10/12/2020,Cliente W,B102,Prodotto 2,Famiglia B1,200,41.1,29.1,Categoria 2,Fornitore 1,Italia,Via Roma 1,99999,Isernia,Isernia,Molise
358,11/12/2020,Cliente Z,B102,Prodotto 2,Famiglia B1,198,41.3,29.3,Categoria 2,Fornitore 1,Italia,Via Roma 1,99999,Udine,Udine,Friuli Venezia Giulia
359,15/12/2020,Cliente X,B102,Prodotto 2,Famiglia B1,196,41.5,29.5,Categoria 2,Fornitore 1,Italia,Via Roma 1,99999,Trapani,Trapani,Sicilia
360,17/12/2020,Cliente Y,B102,Prodotto 2,Famiglia B1,194,42.1,30.1,Categoria 2,Fornitore 1,Italia,Via Roma 1,99999,Trento,Trento,Trentino-Alto Adige
361,18/12/2020,Cliente W,B102,Prodotto 2,Famiglia B1,192,42.3,30.3,Categoria 2,Fornitore 1,Italia,Via Roma 1,99999,Vercelli,Vercelli,Piemonte
362,22/12/2020,Cliente Y,B102,Prodotto 2,Famiglia B1,194,40.2,28.2,Categoria 2,Fornitore 1,Italia,Via Roma 1,99999,Trento,Trento,Trentino-Alto Adige
363,25/12/2020,Cliente W,B102,Prodotto 2,Famiglia B1,196,39.5,27.5,Categoria 2,Fornitore 1,Italia,Via Roma 1,99999,Salerno,Salerno,Campania
364,29/12/2020,Cliente Z,B102,Prodotto 2,Famiglia B1,198,39.2,27.2,Categoria 2,Fornitore 1,Italia,Via Roma 1,99999,Taranto,Taranto,Puglia
364,31/12/2020,Cliente W,B102,Prodotto 2,Famiglia B1,198,39.2,27.2,Categoria 2,Fornitore 1,Italia,Via Roma 1,99999,Viterbo,Viterbo,Lazio